from_zone,to_zone,peak_cents,offpeak_cents
1,1,725,525
1,3,725,525
1,4,1350,1000
1,7,1525,1125
1,9,1825,1350
1,10,2150,1600
1,12,2550,1875
1,14,3300,2450
3,3,600,450
3,4,900,675
3,7,1075,800
3,9,1325,975
3,10,1650,1225
3,12,2200,1625
3,14,2825,2100
4,4,375,375
4,7,375,375
4,9,650,650
4,10,825,825
4,12,1225,1225
4,14,1950,1950
7,7,375,375
7,9,375,375
7,10,650,650
7,12,1075,1075
7,14,1800,1800
9,9,375,375
9,10,375,375
9,12,825,825
9,14,1475,1475
10,10,375,375
10,12,375,375
10,14,1050,1050
12,12,375,375
12,14,725,725
14,14,375,375
