date,name,profile
20260101,New Year's Day,weekend
20260119,Martin Luther King Jr. Day,weekday
20260216,Washington's Birthday (Presidents' Day),weekday
20260525,Memorial Day,weekend
20260619,Juneteenth National Independence Day,weekday
20260703,Independence Day (observed),weekend
20260907,Labor Day,weekend
20261012,Columbus Day (Indigenous Peoples' Day),weekday
20261111,Veterans Day,weekday
20261126,Thanksgiving Day,weekend
20261127,Day after Thanksgiving,weekend
20261225,Christmas Day,weekend
20270101,New Year's Day,weekend
20270118,Martin Luther King Jr. Day,weekday
20270215,Washington's Birthday (Presidents' Day),weekday
20270531,Memorial Day,weekend
20270618,Juneteenth National Independence Day (observed),weekday
20270705,Independence Day (observed),weekend
20270906,Labor Day,weekend
20271011,Columbus Day (Indigenous Peoples' Day),weekday
20271111,Veterans Day,weekday
20271125,Thanksgiving Day,weekend
20271126,Day after Thanksgiving,weekend
20271224,Christmas Day (observed),weekend
20271231,New Year's Day 2028 (observed),weekend
